,Unnamed: 0,City,Country,Latitude,Longitude,year,Value,Date,Time,Min,TimeNew,VAL_0,continent
6,6,New York,United States of America,40.714353,-74.005972,1950,12463000,/01/01,01/01/1950, 00:00:00,01/01/1950 00:00,0.541867075,Americas
18,18,London,United Kingdom,51.511214,-0.119825,1950,8860000,/01/01,01/01/1950, 00:00:00,01/01/1950 00:00,0.38521405,Europe
33,33,Tokyo,Japan,35.6895,139.69171,1950,7000000,/01/01,01/01/1950, 00:00:00,01/01/1950 00:00,0.304344045,Asia
42,42,Paris,France,48.856614,2.352222,1950,5900000,/01/01,01/01/1950, 00:00:00,01/01/1950 00:00,0.256517698,Europe
46,46,Shanghai,China,31.22222,121.45806,1950,5406000,/01/01,01/01/1950, 00:00:00,01/01/1950 00:00,0.23503932100000002,Asia
53,53,Moscow,Russian Federation,55.75222,37.61556,1950,5100000,/01/01,01/01/1950, 00:00:00,01/01/1950 00:00,0.221734901,Europe
54,54,Buenos Aires,Argentina,-34.61315,-58.37723,1950,5000000,/01/01,01/01/1950, 00:00:00,01/01/1950 00:00,0.21738705100000003,Americas
55,55,Chicago,United States of America,41.85003,-87.65005,1950,4906000,/01/01,01/01/1950, 00:00:00,01/01/1950 00:00,0.21330007199999998,Americas
56,56,Ruhr,Germany,51.407415,6.862626,1950,4900000,/01/01,01/01/1950, 00:00:00,01/01/1950 00:00,0.213039201,Europe
58,58,Calcutta,India,22.56263,88.36304,1950,4800000,/01/01,01/01/1950, 00:00:00,01/01/1950 00:00,0.208691352,Asia
79,79,Los Angeles,United States of America,34.052234,-118.243685,1950,3986000,/01/01,01/01/1950, 00:00:00,01/01/1950 00:00,0.173299855,Americas
85,85,Berlin,Germany,52.52437,13.41053,1950,3707000,/01/01,01/01/1950, 00:00:00,01/01/1950 00:00,0.16116935400000001,Europe
97,97,Osaka,Japan,34.693216,135.502082,1950,3480000,/01/01,01/01/1950, 00:00:00,01/01/1950 00:00,0.151299735,Asia
118,118,Philadelphia,United States of America,39.95,-75.1667,1950,2900000,/01/01,01/01/1950, 00:00:00,01/01/1950 00:00,0.126082207,Americas
124,124,Mexico City,Mexico,19.42847,-99.12766,1950,2872000,/01/01,01/01/1950, 00:00:00,01/01/1950 00:00,0.12486480900000001,Americas
125,125,Rio de Janeiro,Brazil,-22.90278,-43.2075,1950,2866000,/01/01,01/01/1950, 00:00:00,01/01/1950 00:00,0.12460393800000001,Americas
131,131,Detroit,United States of America,42.33143,-83.04575,1950,2776000,/01/01,01/01/1950, 00:00:00,01/01/1950 00:00,0.120690873,Americas
132,132,Cairo,Egypt,30.06263,31.24967,1950,2750000,/01/01,01/01/1950, 00:00:00,01/01/1950 00:00,0.119560432,Africa
136,136,Saint Petersburg,Russian Federation,59.89444,30.26417,1950,2700000,/01/01,01/01/1950, 00:00:00,01/01/1950 00:00,0.117386508,Europe
140,140,Mumbai,India,19.07283,72.88261,1950,2680000,/01/01,01/01/1950, 00:00:00,01/01/1950 00:00,0.11651693800000001,Asia
157,157,Manchester,United Kingdom,53.48095,-2.23743,1950,2382000,/01/01,01/01/1950, 00:00:00,01/01/1950 00:00,0.103560345,Europe
172,172,Boston,United States of America,42.358431,-71.059772,1950,2233000,/01/01,01/01/1950, 00:00:00,01/01/1950 00:00,0.097082049,Americas
173,173,Sao Paolo,Brazil,-23.5475,-46.63611,1950,2227000,/01/01,01/01/1950, 00:00:00,01/01/1950 00:00,0.09682117800000001,Americas
182,182,Birmingham,United Kingdom,52.48142,-1.89983,1950,2196000,/01/01,01/01/1950, 00:00:00,01/01/1950 00:00,0.095473345,Europe
184,184,Hong Kong,China,22.28552,114.15769,1950,2100000,/01/01,01/01/1950, 00:00:00,01/01/1950 00:00,0.091299409,Asia
191,191,Beijing,China,39.9075,116.39723,1950,2031000,/01/01,01/01/1950, 00:00:00,01/01/1950 00:00,0.088299393,Asia
206,206,San Francisco,United States of America,37.77493,-122.419416,1950,1937000,/01/01,01/01/1950, 00:00:00,01/01/1950 00:00,0.084212414,Americas
229,229,Tianjin,China,39.14222,117.17667,1950,1795000,/01/01,01/01/1950, 00:00:00,01/01/1950 00:00,0.078038468,Asia
232,232,Vienna,Austria,48.20849,16.37208,1950,1755000,/01/01,01/01/1950, 00:00:00,01/01/1950 00:00,0.076299328,Europe
244,244,Rome,Italy,41.89474,12.4839,1950,1665000,/01/01,01/01/1950, 00:00:00,01/01/1950 00:00,0.07238626299999999,Europe
247,247,Sydney,Australia,-33.86785,151.20732,1950,1635000,/01/01,01/01/1950, 00:00:00,01/01/1950 00:00,0.071081908,Oceania
258,258,Hamburg,Germany,53.57532,10.01534,1950,1580000,/01/01,01/01/1950, 00:00:00,01/01/1950 00:00,0.068690591,Europe
259,259,Seoul,Republic of Korea,37.56826,126.97783,1950,1550000,/01/01,01/01/1950, 00:00:00,01/01/1950 00:00,0.067386236,Asia
260,260,Madrid,Spain,40.416775,-3.703789,1950,1527000,/01/01,01/01/1950, 00:00:00,01/01/1950 00:00,0.06638623,Europe
261,261,Johannesburg,South Africa,-26.20227,28.04363,1950,1520000,/01/01,01/01/1950, 00:00:00,01/01/1950 00:00,0.066081881,Africa
264,264,Budapest,Hungary,47.49801,19.03991,1950,1500000,/01/01,01/01/1950, 00:00:00,01/01/1950 00:00,0.065212311,Europe
271,271,Guangzhou,China,23.11667,113.25,1950,1495000,/01/01,01/01/1950, 00:00:00,01/01/1950 00:00,0.064994918,Asia
275,275,Jakarta,Indonesia,-6.21462,106.84513,1950,1452000,/01/01,01/01/1950, 00:00:00,01/01/1950 00:00,0.063125343,Asia
280,280,Barcelona,Spain,41.38879,2.15899,1950,1425000,/01/01,01/01/1950, 00:00:00,01/01/1950 00:00,0.061951424000000005,Europe
288,288,Milan,Italy,45.465453,9.198786,1950,1400000,/01/01,01/01/1950, 00:00:00,01/01/1950 00:00,0.060864460999999995,Europe
287,287,Manila,Philippines,14.58,121,1950,1400000,/01/01,01/01/1950, 00:00:00,01/01/1950 00:00,0.060864460999999995,Asia
297,297,Cleveland,United States of America,41.499495,-81.695409,1950,1372000,/01/01,01/01/1950, 00:00:00,01/01/1950 00:00,0.059647063,Americas
299,299,St. Louis,United States of America,38.626978,-90.199403,1950,1366000,/01/01,01/01/1950, 00:00:00,01/01/1950 00:00,0.059386192000000004,Americas
302,302,Madras,India,13.08784,80.27847,1950,1356000,/01/01,01/01/1950, 00:00:00,01/01/1950 00:00,0.058951407000000004,Asia
304,304,Melbourne,Australia,-37.814,144.96332,1950,1350000,/01/01,01/01/1950, 00:00:00,01/01/1950 00:00,0.058690535999999995,OCeania
311,311,Glasgow,United Kingdom,55.86515,-4.25763,1950,1320000,/01/01,01/01/1950, 00:00:00,01/01/1950 00:00,0.057386180999999994,Europe
318,318,Pittsburgh,United States of America,40.44062,-79.99589,1950,1310000,/01/01,01/01/1950, 00:00:00,01/01/1950 00:00,0.056951395999999994,Americas
319,319,Delhi,India,28.65381,77.22897,1950,1306000,/01/01,01/01/1950, 00:00:00,01/01/1950 00:00,0.056777482000000004,Asia
327,327,Washington D.C.,United States of America,38.914144,-77.0234,1950,1285000,/01/01,01/01/1950, 00:00:00,01/01/1950 00:00,0.055864434000000004,Americas
336,336,Liverpool,United Kingdom,53.408372,-2.991572,1950,1260000,/01/01,01/01/1950, 00:00:00,01/01/1950 00:00,0.054777472,Europe
338,338,Santiago,Chile,-33.45,-70.666667,1950,1250000,/01/01,01/01/1950, 00:00:00,01/01/1950 00:00,0.054342687,Americas
344,344,Montreal,Canada,45.50884,-73.58781,1950,1242000,/01/01,01/01/1950, 00:00:00,01/01/1950 00:00,0.053994859000000006,Americas
349,349,Naples,Italy,40.851775,14.268122,1950,1210000,/01/01,01/01/1950, 00:00:00,01/01/1950 00:00,0.052603547,Europe
350,350,Ho Chi Minh,Vietnam,10.823099,106.628767,1950,1200000,/01/01,01/01/1950, 00:00:00,01/01/1950 00:00,0.052168762,Asia
360,360,Baltimore,United States of America,39.29038,-76.61219,1950,1159000,/01/01,01/01/1950, 00:00:00,01/01/1950 00:00,0.050386143,Americas
362,362,Copenhagen,Denmark,55.67594,12.56553,1950,1150000,/01/01,01/01/1950, 00:00:00,01/01/1950 00:00,0.049994837,Europe
363,363,Wuhan,China,30.58333,114.26667,1950,1150000,/01/01,01/01/1950, 00:00:00,01/01/1950 00:00,0.049994837,Asia
368,368,Athens,Greece,37.97945,23.71622,1950,1140000,/01/01,01/01/1950, 00:00:00,01/01/1950 00:00,0.049560052,Europe
379,379,Alexandria,Egypt,31.200092,29.918739,1950,1100000,/01/01,01/01/1950, 00:00:00,01/01/1950 00:00,0.047820912,Africa
380,380,Bucharest,Romania,44.43225,26.10626,1950,1100000,/01/01,01/01/1950, 00:00:00,01/01/1950 00:00,0.047820912,Europe
385,385,Havana,Cuba,23.13302,-82.38304,1950,1090000,/01/01,01/01/1950, 00:00:00,01/01/1950 00:00,0.047386127,Americas
391,391,Hyderabad,India,17.38405,78.45636,1950,1075000,/01/01,01/01/1950, 00:00:00,01/01/1950 00:00,0.04673395,Asia
395,395,Chongqing,China,29.56301,106.551557,1950,1055000,/01/01,01/01/1950, 00:00:00,01/01/1950 00:00,0.04586438,Asia
402,402,Istanbul,Turkey,41.005275,28.976944,1950,1035000,/01/01,01/01/1950, 00:00:00,01/01/1950 00:00,0.04499481,Asia
404,404,Nagoya,Japan,35.181447,136.906397,1950,1030000,/01/01,01/01/1950, 00:00:00,01/01/1950 00:00,0.044777417,Asia
407,407,Nanjing,China,32.05,118.766667,1950,1020000,/01/01,01/01/1950, 00:00:00,01/01/1950 00:00,0.044342632,Asia
420,420,Tehran,Iran,35.69439,51.42151,1950,989000,/01/01,01/01/1950, 00:00:00,01/01/1950 00:00,0.04299479900000001,Asia
421,421,Minneapolis,United States of America,39.12194,-93.265011,1950,985000,/01/01,01/01/1950, 00:00:00,01/01/1950 00:00,0.042820885,Americas
425,425,Bangkok,Thailand,13.75398,100.50144,1950,975000,/01/01,01/01/1950, 00:00:00,01/01/1950 00:00,0.042386099999999996,Asia
427,427,Toronto,Canada,43.70011,-79.4163,1950,970000,/01/01,01/01/1950, 00:00:00,01/01/1950 00:00,0.042168707,Americas
431,431,Brussel,Belgium,50.85045,4.34878,1950,964000,/01/01,01/01/1950, 00:00:00,01/01/1950 00:00,0.041907836000000004,Europe
435,435,Prague,Austria,50.08804,14.42076,1950,951000,/01/01,01/01/1950, 00:00:00,01/01/1950 00:00,0.041342616,Europe
436,436,Karachi,Pakistan,24.9056,67.0822,1950,950000,/01/01,01/01/1950, 00:00:00,01/01/1950 00:00,0.041299137,Asia
450,450,Lima,Peru,-12.04318,-77.02824,1950,923000,/01/01,01/01/1950, 00:00:00,01/01/1950 00:00,0.040125218,Americas
451,451,Stockholm,Sweden,59.33258,18.0649,1950,923000,/01/01,01/01/1950, 00:00:00,01/01/1950 00:00,0.040125218,Europe
478,478,Katowice,Poland,50.25842,19.02754,1950,885000,/01/01,01/01/1950, 00:00:00,01/01/1950 00:00,0.038473035,Europe
481,481,Lisbon,Portugal,38.71667,-9.13333,1950,875000,/01/01,01/01/1950, 00:00:00,01/01/1950 00:00,0.03803825,Europe
485,485,Munich,Germany,48.136739,11.576756,1950,870000,/01/01,01/01/1950, 00:00:00,01/01/1950 00:00,0.037820858,Europe
494,494,Amsterdam,Netherlands,52.37403,4.88969,1950,859000,/01/01,01/01/1950, 00:00:00,01/01/1950 00:00,0.037342594,Europe
501,501,Shenyang,China,41.79222,123.43278,1950,850000,/01/01,01/01/1950, 00:00:00,01/01/1950 00:00,0.036951288,Asia
507,507,Baku,Azerbaijan,40.37767,49.89201,1950,840000,/01/01,01/01/1950, 00:00:00,01/01/1950 00:00,0.036516503,Asia
511,511,Newcastle upon Tyne,United Kingdom,54.978253,-1.617781,1950,830000,/01/01,01/01/1950, 00:00:00,01/01/1950 00:00,0.036081718,Europe
515,515,Milwaukee,United States of America,43.0389,-87.90647,1950,823000,/01/01,01/01/1950, 00:00:00,01/01/1950 00:00,0.035777368,Americas
520,520,Cincinnati,United States of America,39.162,-84.45689,1950,808000,/01/01,01/01/1950, 00:00:00,01/01/1950 00:00,0.035125191,Americas
525,525,Rotterdam,Netherlands,51.9225,4.47917,1950,803000,/01/01,01/01/1950, 00:00:00,01/01/1950 00:00,0.034907798,Europe
526,526,Warsaw,Poland,52.22977,21.01178,1950,803000,/01/01,01/01/1950, 00:00:00,01/01/1950 00:00,0.034907798,Europe
530,530,Kiev,Ukraine,50.45466,30.5238,1950,800000,/01/01,01/01/1950, 00:00:00,01/01/1950 00:00,0.034777363,Europe
538,538,Buffalo,United States of America,42.9047,-78.8494,1950,798000,/01/01,01/01/1950, 00:00:00,01/01/1950 00:00,0.034690406,Americas
539,539,Montevideo,Uraguay,-34.817311,-56.158866,1950,797000,/01/01,01/01/1950, 00:00:00,01/01/1950 00:00,0.034646927,Americas
549,549,Qingdao,China,36.067082,120.38264,1950,788000,/01/01,01/01/1950, 00:00:00,01/01/1950 00:00,0.034255621,Asia
562,562,Nizhniy Novgorod,Russian Federation,56.3269,44.0075,1950,775000,/01/01,01/01/1950, 00:00:00,01/01/1950 00:00,0.0336904,Europe
569,569,Turin,Italy,45.07049,7.68682,1950,765000,/01/01,01/01/1950, 00:00:00,01/01/1950 00:00,0.033255616,Europe
572,572,Harbin,China,45.75,126.65,1950,760000,/01/01,01/01/1950, 00:00:00,01/01/1950 00:00,0.033038223,Asia
576,576,Ahmedabad,India,23.039568,72.566004,1950,758000,/01/01,01/01/1950, 00:00:00,01/01/1950 00:00,0.032951266,Asia
584,584,Surabaya,Indonesia,-7.24917,112.75083,1950,750000,/01/01,01/01/1950, 00:00:00,01/01/1950 00:00,0.032603438,Asia
583,583,Shimonoseki,Japan,33.95,130.95,1950,750000,/01/01,01/01/1950, 00:00:00,01/01/1950 00:00,0.032603438,Asia
595,595,Singapore,Singapore,1.28967,103.85007,1950,740000,/01/01,01/01/1950, 00:00:00,01/01/1950 00:00,0.032168653,Asia
599,599,Kharkov,Ukraine,49.9935,36.230384,1950,730000,/01/01,01/01/1950, 00:00:00,01/01/1950 00:00,0.031733868,Europe
600,600,Sheffield,United Kingdom,53.381128,-1.470086,1950,730000,/01/01,01/01/1950, 00:00:00,01/01/1950 00:00,0.031733868,Europe
605,605,Bangalore,India,12.97194,77.59369,1950,725000,/01/01,01/01/1950, 00:00:00,01/01/1950 00:00,0.031516476,Asia
631,631,Bandung,Indonesia,-6.914744,107.609814,1950,700000,/01/01,01/01/1950, 00:00:00,01/01/1950 00:00,0.030429513,Asia
632,632,Houston,United States of America,29.760193,-95.36939,1950,700000,/01/01,01/01/1950, 00:00:00,01/01/1950 00:00,0.030429513,Americas
639,639,Kansas City,United States of America,39.11417,-94.62746,1950,694000,/01/01,01/01/1950, 00:00:00,01/01/1950 00:00,0.030168642000000002,Americas
640,640,Caracas,Venezuela,10.48801,-66.87919,1950,693000,/01/01,01/01/1950, 00:00:00,01/01/1950 00:00,0.030125164,Americas
641,641,Cologne,Germany,50.937531,6.960278,1950,692000,/01/01,01/01/1950, 00:00:00,01/01/1950 00:00,0.030081685,Europe
646,646,Lodz,Poland,51.75,19.46667,1950,690000,/01/01,01/01/1950, 00:00:00,01/01/1950 00:00,0.029994728,Europe
662,662,Frankfurt am Main,Germany,50.110922,8.682128,1950,680000,/01/01,01/01/1950, 00:00:00,01/01/1950 00:00,0.029559942999999998,Europe
668,668,Genova,Italy,44.40565,8.946256,1950,676000,/01/01,01/01/1950, 00:00:00,01/01/1950 00:00,0.029386028999999998,Europe
676,676,Kanpur,India,26.4478,80.34627,1950,670000,/01/01,01/01/1950, 00:00:00,01/01/1950 00:00,0.029125157999999998,Asia
677,677,Lille,France,50.628442,3.054975,1950,670000,/01/01,01/01/1950, 00:00:00,01/01/1950 00:00,0.029125157999999998,Europe
686,686,New Orleans,United States of America,29.95465,-90.07507,1950,656000,/01/01,01/01/1950, 00:00:00,01/01/1950 00:00,0.028516458999999997,Americas
693,693,Samara,Russian Federation,53.2028,50.1408,1950,650000,/01/01,01/01/1950, 00:00:00,01/01/1950 00:00,0.028255587999999998,Europe
694,694,Tashkent,Uzbekistan,41.26465,69.21627,1950,650000,/01/01,01/01/1950, 00:00:00,01/01/1950 00:00,0.028255587999999998,Asia
701,701,Borinage,Belgium,50.617619,3.345133,1950,647000,/01/01,01/01/1950, 00:00:00,01/01/1950 00:00,0.028125152999999996,Europe
702,702,Casablanca,Morocco,33.58831,-7.61138,1950,647000,/01/01,01/01/1950, 00:00:00,01/01/1950 00:00,0.028125152999999996,Africa
703,703,Chengdu,China,30.66667,104.06667,1950,647000,/01/01,01/01/1950, 00:00:00,01/01/1950 00:00,0.028125152999999996,Asia
704,704,Lyon,France,45.74846,4.84671,1950,646000,/01/01,01/01/1950, 00:00:00,01/01/1950 00:00,0.028081673999999997,Europe
706,706,Leipzig,Germany,51.33962,12.37129,1950,645000,/01/01,01/01/1950, 00:00:00,01/01/1950 00:00,0.028038196,Europe
712,712,The Hague,Netherlands,52.070492,4.300694,1950,638000,/01/01,01/01/1950, 00:00:00,01/01/1950 00:00,0.027733846,Europe
714,714,Dresden,Germany,51.05089,13.73832,1950,635000,/01/01,01/01/1950, 00:00:00,01/01/1950 00:00,0.027603411,Europe
719,719,Changchun,China,43.9,125.2,1950,630000,/01/01,01/01/1950, 00:00:00,01/01/1950 00:00,0.027386017999999998,Asia
726,726,Marseille,France,43.29695,5.38107,1950,625000,/01/01,01/01/1950, 00:00:00,01/01/1950 00:00,0.027168626,Europe
732,732,Seattle,United States of America,47.60621,-122.33207,1950,620000,/01/01,01/01/1950, 00:00:00,01/01/1950 00:00,0.026951232999999998,Americas
744,744,Antwerp,Belgium,51.219217,4.402883,1950,610000,/01/01,01/01/1950, 00:00:00,01/01/1950 00:00,0.026516447999999998,Europe
745,745,Sverdlovs'k,Ukraine,48.08455,39.651631,1950,610000,/01/01,01/01/1950, 00:00:00,01/01/1950 00:00,0.026516447999999998,Europe
751,751,Novosibirsk,Russian Federation,55.0415,82.9346,1950,605000,/01/01,01/01/1950, 00:00:00,01/01/1950 00:00,0.026299056,Europe
759,759,Bogota,Columbia,4.598056,-74.075833,1950,600000,/01/01,01/01/1950, 00:00:00,01/01/1950 00:00,0.026081662999999998,Americas
760,760,Colombo,Sri Lanka,6.9344,79.8428,1950,600000,/01/01,01/01/1950, 00:00:00,01/01/1950 00:00,0.026081662999999998,Asia
761,761,Lahore,Pakistan,31.54972,74.34361,1950,600000,/01/01,01/01/1950, 00:00:00,01/01/1950 00:00,0.026081662999999998,Asia
762,762,Odessa,Russian Federation,46.47747,30.73262,1950,600000,/01/01,01/01/1950, 00:00:00,01/01/1950 00:00,0.026081662999999998,Europe
763,763,Yangon,Myanmar,16.80528,96.15611,1950,600000,/01/01,01/01/1950, 00:00:00,01/01/1950 00:00,0.026081662999999998,Asia
770,770,Dublin,Ireland,53.33306,-6.24889,1950,595000,/01/01,01/01/1950, 00:00:00,01/01/1950 00:00,0.025864271,Europe
778,778,Tbilisi,Georgia,41.709975,44.792989,1950,585000,/01/01,01/01/1950, 00:00:00,01/01/1950 00:00,0.025429486,Asia
784,784,Baghdad,Iraq,33.34058,44.40088,1950,579000,/01/01,01/01/1950, 00:00:00,01/01/1950 00:00,0.025168615,Asia
787,787,Leeds,United Kingdom,53.79648,-1.54785,1950,575000,/01/01,01/01/1950, 00:00:00,01/01/1950 00:00,0.024994701,Europe
793,793,Dusseldorf,Germany,51.22172,6.77616,1950,570000,/01/01,01/01/1950, 00:00:00,01/01/1950 00:00,0.024777308999999997,Europe
807,807,Cape Town,South Africa,-33.92584,18.42322,1950,565000,/01/01,01/01/1950, 00:00:00,01/01/1950 00:00,0.024559916,Africa
823,823,Xian,China,34.341485,108.940404,1950,559000,/01/01,01/01/1950, 00:00:00,01/01/1950 00:00,0.024299045,Asia
830,830,Providence,United States of America,41.823989,-71.412833,1950,551000,/01/01,01/01/1950, 00:00:00,01/01/1950 00:00,0.023951217,Americas
836,836,Recife,Brazil,-8.05389,-34.88111,1950,550000,/01/01,01/01/1950, 00:00:00,01/01/1950 00:00,0.023907739,Americas
858,858,Valencia,Spain,39.469908,-0.376289,1950,534000,/01/01,01/01/1950, 00:00:00,01/01/1950 00:00,0.023212082999999998,Europe
861,861,Jinan,China,36.650997,117.120497,1950,532000,/01/01,01/01/1950, 00:00:00,01/01/1950 00:00,0.023125126,Asia
862,862,Edinburgh,United Kingdom,55.95206,-3.19648,1950,531000,/01/01,01/01/1950, 00:00:00,01/01/1950 00:00,0.023081647,Europe
871,871,Vancouver,Canada,49.24966,-123.11934,1950,525000,/01/01,01/01/1950, 00:00:00,01/01/1950 00:00,0.022820776,Americas
882,882,Hangzhou,China,30.25,120.166667,1950,517000,/01/01,01/01/1950, 00:00:00,01/01/1950 00:00,0.022472948,Asia
885,885,Stuttgart,Germany,48.78232,9.17702,1950,515000,/01/01,01/01/1950, 00:00:00,01/01/1950 00:00,0.022385991,Europe
888,888,Dallas,United States of America,32.78014,-96.800451,1950,514000,/01/01,01/01/1950, 00:00:00,01/01/1950 00:00,0.022342512999999998,Americas
890,890,Suzhou,China,31.3,120.6,1950,511000,/01/01,01/01/1950, 00:00:00,01/01/1950 00:00,0.022212077,Asia
900,900,Dortmund,Germany,51.51494,7.466,1950,507000,/01/01,01/01/1950, 00:00:00,01/01/1950 00:00,0.022038163,Europe
899,899,Atlanta,United States of America,33.749,-84.38798,1950,507000,/01/01,01/01/1950, 00:00:00,01/01/1950 00:00,0.022038163,Americas
906,906,Kazan,Russian Federation,55.790278,49.134722,1950,505000,/01/01,01/01/1950, 00:00:00,01/01/1950 00:00,0.021951206,Europe
910,910,Indianapolis,United States of America,39.76838,-86.15804,1950,502000,/01/01,01/01/1950, 00:00:00,01/01/1950 00:00,0.021820771,Americas
923,923,Donetsk,Ukraine,48.015883,37.80285,1950,500000,/01/01,01/01/1950, 00:00:00,01/01/1950 00:00,0.021733814,Europe
924,924,Novokuznetsk,Russian Federation,53.7557,87.1099,1950,500000,/01/01,01/01/1950, 00:00:00,01/01/1950 00:00,0.021733814,Europe
925,925,Rostov-on-Don,Russian Federation,47.2333,39.41394,1950,500000,/01/01,01/01/1950, 00:00:00,01/01/1950 00:00,0.021733814,Europe
932,932,Busan,Republic of Korea,35.179554,129.075642,1950,498000,/01/01,01/01/1950, 00:00:00,01/01/1950 00:00,0.021646857000000002,Asia
933,933,Denver,United States of America,39.737567,-104.984718,1950,496000,/01/01,01/01/1950, 00:00:00,01/01/1950 00:00,0.021559900000000003,Americas
936,936,Bremen,Germany,53.07516,8.80777,1950,490000,/01/01,01/01/1950, 00:00:00,01/01/1950 00:00,0.021299029,Europe
937,937,Portland,United States of America,45.523062,-122.676482,1950,488000,/01/01,01/01/1950, 00:00:00,01/01/1950 00:00,0.021212072000000002,Americas
942,942,Chelyabinsk,Russian Federation,55.15402,61.42915,1950,485000,/01/01,01/01/1950, 00:00:00,01/01/1950 00:00,0.021081636,Europe
943,943,Rosario,Argentina,-32.94682,-60.63932,1950,485000,/01/01,01/01/1950, 00:00:00,01/01/1950 00:00,0.021081636,Americas
944,944,Lucknow,India,26.83928,80.92313,1950,481000,/01/01,01/01/1950, 00:00:00,01/01/1950 00:00,0.020907722,Asia
950,950,Scranton,United States of America,41.40897,-75.66241,1950,480000,/01/01,01/01/1950, 00:00:00,01/01/1950 00:00,0.020864244,Americas
951,951,Nurnberg,Germany,49.452031,11.07675,1950,479000,/01/01,01/01/1950, 00:00:00,01/01/1950 00:00,0.020820765,Europe
954,954,Belfast,Ireland,54.597283,-5.930117,1950,475000,/01/01,01/01/1950, 00:00:00,01/01/1950 00:00,0.020646851,Europe
956,956,Saratov,Russian Federation,51.54056,46.00861,1950,475000,/01/01,01/01/1950, 00:00:00,01/01/1950 00:00,0.020646851,Europe
955,955,Riga,Russian Federation,56.946,24.10589,1950,475000,/01/01,01/01/1950, 00:00:00,01/01/1950 00:00,0.020646851,Europe
960,960,Louisville,United States of America,38.252563,-85.758367,1950,472000,/01/01,01/01/1950, 00:00:00,01/01/1950 00:00,0.020516416000000003,Americas
964,964,Durban,South Africa,-29.8579,31.0292,1950,470000,/01/01,01/01/1950, 00:00:00,01/01/1950 00:00,0.020429459,Africa
965,965,Palermo,Italy,38.115689,13.361267,1950,470000,/01/01,01/01/1950, 00:00:00,01/01/1950 00:00,0.020429459,Europe
966,966,Hannover,Germany,52.37052,9.73322,1950,469000,/01/01,01/01/1950, 00:00:00,01/01/1950 00:00,0.02038598,Europe
973,973,Pune,India,18.52043,73.856744,1950,460000,/01/01,01/01/1950, 00:00:00,01/01/1950 00:00,0.019994674,Asia
975,975,Miami,United States of America,25.77427,-80.19366,1950,458000,/01/01,01/01/1950, 00:00:00,01/01/1950 00:00,0.019907717,Americas
985,985,Liege,Belgium,50.63373,5.56749,1950,450000,/01/01,01/01/1950, 00:00:00,01/01/1950 00:00,0.019559889,Europe
987,987,Taipei,Taiwan,25.04776,121.53185,1950,450000,/01/01,01/01/1950, 00:00:00,01/01/1950 00:00,0.019559889,Asia
984,984,Dnipropetrovsk,Ukraine,48.464717,35.046183,1950,450000,/01/01,01/01/1950, 00:00:00,01/01/1950 00:00,0.019559889,Europe
986,986,Rhondda,Wales,51.65896,-3.44885,1950,450000,/01/01,01/01/1950, 00:00:00,01/01/1950 00:00,0.019559889,Europe
989,989,San Antonio,United States of America,29.424122,-98.493628,1950,449000,/01/01,01/01/1950, 00:00:00,01/01/1950 00:00,0.01951641,Americas
992,992,Belgrade,Serbia,44.80401,20.46513,1950,445000,/01/01,01/01/1950, 00:00:00,01/01/1950 00:00,0.019342496,Europe
993,993,Birmingham,United States of America,33.520661,-86.80249,1950,445000,/01/01,01/01/1950, 00:00:00,01/01/1950 00:00,0.019342496,Americas
999,999,Brisbane,Australia,-27.46794,153.02809,1950,440000,/01/01,01/01/1950, 00:00:00,01/01/1950 00:00,0.019125104,Oceania
1000,1000,Bristol,United Kingdom,51.45523,-2.59665,1950,440000,/01/01,01/01/1950, 00:00:00,01/01/1950 00:00,0.019125104,Europe
1001,1001,Perm,Russian Federation,58.013889,56.248889,1950,440000,/01/01,01/01/1950, 00:00:00,01/01/1950 00:00,0.019125104,Europe
1007,1007,Sofia,Bulgaria,42.69751,23.32415,1950,437000,/01/01,01/01/1950, 00:00:00,01/01/1950 00:00,0.018994668,Europe
1010,1010,Nottingham,United Kingdom,52.9536,-1.15047,1950,434000,/01/01,01/01/1950, 00:00:00,01/01/1950 00:00,0.018864233,Europe
1011,1011,Oslo,Norway,59.913869,10.752245,1950,434000,/01/01,01/01/1950, 00:00:00,01/01/1950 00:00,0.018864233,Europe
1016,1016,Nagpur,India,21.15,79.1,1950,432000,/01/01,01/01/1950, 00:00:00,01/01/1950 00:00,0.018777276000000002,Asia
1017,1017,San Diego,United States of America,32.715328,-117.157256,1950,432000,/01/01,01/01/1950, 00:00:00,01/01/1950 00:00,0.018777276000000002,Americas
1021,1021,Omsk,Russian Federation,54.99244,73.36859,1950,430000,/01/01,01/01/1950, 00:00:00,01/01/1950 00:00,0.018690319,Europe
1019,1019,Algiers,Algiers,36.7525,3.04197,1950,430000,/01/01,01/01/1950, 00:00:00,01/01/1950 00:00,0.018690319,Africa
1020,1020,Columbus,United States of America,39.961176,-82.998794,1950,430000,/01/01,01/01/1950, 00:00:00,01/01/1950 00:00,0.018690319,Americas
1026,1026,Bordeaux,France,44.84044,-0.5805,1950,427000,/01/01,01/01/1950, 00:00:00,01/01/1950 00:00,0.018559883,Europe
1033,1033,Mannheim,Germany,49.49671,8.47955,1950,421000,/01/01,01/01/1950, 00:00:00,01/01/1950 00:00,0.018299012,Europe
1036,1036,Adelaide,Australia,-34.92866,138.59863,1950,420000,/01/01,01/01/1950, 00:00:00,01/01/1950 00:00,0.018255534,Oceania
1043,1043,Volgograd,Russian Federation,48.71939,44.50184,1950,415000,/01/01,01/01/1950, 00:00:00,01/01/1950 00:00,0.018038142,Europe
1055,1055,Rochester,United States of America,43.161031,-77.610922,1950,409000,/01/01,01/01/1950, 00:00:00,01/01/1950 00:00,0.017777271,Americas
1056,1056,Memphis,United States of America,35.149703,-90.048529,1950,406000,/01/01,01/01/1950, 00:00:00,01/01/1950 00:00,0.017646835,Americas
1059,1059,Dhaka,India,23.709921,90.407143,1950,405000,/01/01,01/01/1950, 00:00:00,01/01/1950 00:00,0.017603357,Asia
1060,1060,Tunis,Tunisia,36.818811,10.165961,1950,405000,/01/01,01/01/1950, 00:00:00,01/01/1950 00:00,0.017603357,Africa
1061,1061,Zurich,Switzerland,47.36667,8.55,1950,405000,/01/01,01/01/1950, 00:00:00,01/01/1950 00:00,0.017603357,Europe
1084,1084,Kunming,China,25.03889,102.71833,1950,400000,/01/01,01/01/1950, 00:00:00,01/01/1950 00:00,0.017385964,Asia
1085,1085,Pyongyang,North Korea,39.03385,125.75432,1950,400000,/01/01,01/01/1950, 00:00:00,01/01/1950 00:00,0.017385964,Asia
1083,1083,Fuzhou,China,26.076111,119.306389,1950,400000,/01/01,01/01/1950, 00:00:00,01/01/1950 00:00,0.017385964,Asia
1087,1087,Changsha,China,28.196111,112.972222,1950,396000,/01/01,01/01/1950, 00:00:00,01/01/1950 00:00,0.01721205,Asia
1089,1089,Fukuoka,Japan,33.591389,130.414722,1950,392000,/01/01,01/01/1950, 00:00:00,01/01/1950 00:00,0.017038136000000002,Asia
1091,1091,Ibadan,Nigeria,7.38778,3.89639,1950,390000,/01/01,01/01/1950, 00:00:00,01/01/1950 00:00,0.016951179,Africa
1092,1092,Salvador,Brazil,-12.97111,-38.51083,1950,389000,/01/01,01/01/1950, 00:00:00,01/01/1950 00:00,0.016907701,Americas
1100,1100,Norfolk,United States of America,36.84681,-76.28522,1950,385000,/01/01,01/01/1950, 00:00:00,01/01/1950 00:00,0.016733787,Americas
1101,1101,San Juan,Puerto Rico,18.45,-66.0667,1950,385000,/01/01,01/01/1950, 00:00:00,01/01/1950 00:00,0.016733787,Americas
1102,1102,Florence,Italy,43.771033,11.248,1950,384000,/01/01,01/01/1950, 00:00:00,01/01/1950 00:00,0.016690308,Europe
1104,1104,Goteborg,Sweden,57.70887,11.97456,1950,383000,/01/01,01/01/1950, 00:00:00,01/01/1950 00:00,0.01664683,Europe
1105,1105,Seville,Spain,37.388097,-5.982331,1950,383000,/01/01,01/01/1950, 00:00:00,01/01/1950 00:00,0.01664683,Europe
1112,1112,Cordoba,Argentina,-31.4135,-64.18105,1950,380000,/01/01,01/01/1950, 00:00:00,01/01/1950 00:00,0.016516394,Americas
1116,1116,Guadalajara,Mexico,20.673819,-103.343489,1950,377000,/01/01,01/01/1950, 00:00:00,01/01/1950 00:00,0.016385959,Americas
1121,1121,Porto Alegre,Brazil,-30.03306,-51.23,1950,375000,/01/01,01/01/1950, 00:00:00,01/01/1950 00:00,0.016299002,Americas
1125,1125,Voronezh,Russian Federation,51.67204,39.1843,1950,370000,/01/01,01/01/1950, 00:00:00,01/01/1950 00:00,0.016081609,Europe
1131,1131,Helsinki,Finland,60.173324,24.941025,1950,367000,/01/01,01/01/1950, 00:00:00,01/01/1950 00:00,0.015951174,Europe
1133,1133,Agra,India,27.18333,78.01667,1950,364000,/01/01,01/01/1950, 00:00:00,01/01/1950 00:00,0.015820738,Asia
1135,1135,Toledo,United States of America,41.571019,-83.966889,1950,363000,/01/01,01/01/1950, 00:00:00,01/01/1950 00:00,0.01577726,Americas
1136,1136,Wuppertal,Germany,51.268752,7.18026,1950,363000,/01/01,01/01/1950, 00:00:00,01/01/1950 00:00,0.01577726,Europe
1138,1138,Aleppo,Syria,36.216667,37.166667,1950,362000,/01/01,01/01/1950, 00:00:00,01/01/1950 00:00,0.015733781000000002,Asia
1150,1150,Oporto,Portugal,41.167972,-8.627064,1950,355000,/01/01,01/01/1950, 00:00:00,01/01/1950 00:00,0.015429432,Europe
1152,1152,Venice,Italy,45.440847,12.315514,1950,354000,/01/01,01/01/1950, 00:00:00,01/01/1950 00:00,0.015385953,Europe
1154,1154,Madurai,India,9.91735,78.11962,1950,352000,/01/01,01/01/1950, 00:00:00,01/01/1950 00:00,0.015298996,Asia
1156,1156,Akron,United States of America,41.0731,-81.5178,1950,351000,/01/01,01/01/1950, 00:00:00,01/01/1950 00:00,0.015255518000000001,Americas
1172,1172,Springfield,United States of America,42.112411,-72.547455,1950,349000,/01/01,01/01/1950, 00:00:00,01/01/1950 00:00,0.015168561,Americas
1175,1175,Krakow,Poland,50.06143,19.93658,1950,347000,/01/01,01/01/1950, 00:00:00,01/01/1950 00:00,0.015081603999999998,Europe
1177,1177,Bologna,Italy,44.49381,11.33875,1950,346000,/01/01,01/01/1950, 00:00:00,01/01/1950 00:00,0.015038125,Europe
1181,1181,Varanasi,India,25.317645,82.973914,1950,345000,/01/01,01/01/1950, 00:00:00,01/01/1950 00:00,0.014994647,Asia
1179,1179,Dayton,United States of America,39.11284,-84.47272,1950,345000,/01/01,01/01/1950, 00:00:00,01/01/1950 00:00,0.014994647,Americas
1180,1180,Stoke,United Kingdom,53.25,-2.86667,1950,345000,/01/01,01/01/1950, 00:00:00,01/01/1950 00:00,0.014994647,Europe
1183,1183,Poznan,Poland,52.40692,16.92993,1950,342000,/01/01,01/01/1950, 00:00:00,01/01/1950 00:00,0.014864211,Europe
1185,1185,Sendai,Japan,38.266667,140.866667,1950,341000,/01/01,01/01/1950, 00:00:00,01/01/1950 00:00,0.014820733,Asia
1191,1191,Xuzhou,China,34.26,117.21,1950,339000,/01/01,01/01/1950, 00:00:00,01/01/1950 00:00,0.014733776,Asia
1194,1194,Belo Horizonte,Brazil,-19.92083,-43.93778,1950,338000,/01/01,01/01/1950, 00:00:00,01/01/1950 00:00,0.014690297,Americas
1199,1199,Damascus,Syria,33.5102,36.29128,1950,335000,/01/01,01/01/1950, 00:00:00,01/01/1950 00:00,0.014559862,Asia
1200,1200,Weisbaden,Germany,50.06308,8.243344,1950,335000,/01/01,01/01/1950, 00:00:00,01/01/1950 00:00,0.014559862,Europe
1201,1201,Kinshasa,DR Congo,-4.325,15.3222,1950,334000,/01/01,01/01/1950, 00:00:00,01/01/1950 00:00,0.014516383,Africa
1203,1203,Monterrey,Mexico,25.6667,-100.3,1950,333000,/01/01,01/01/1950, 00:00:00,01/01/1950 00:00,0.014472905,Americas
1209,1209,Bradford,United Kingdom,53.79391,-1.75206,1950,330000,/01/01,01/01/1950, 00:00:00,01/01/1950 00:00,0.014342468999999998,Europe
1210,1210,Surakarta,Indonesia,-7.55611,110.83167,1950,330000,/01/01,01/01/1950, 00:00:00,01/01/1950 00:00,0.014342468999999998,Asia
1211,1211,Zaporizhia,Ukraine,47.8388,35.139567,1950,330000,/01/01,01/01/1950, 00:00:00,01/01/1950 00:00,0.014342468999999998,Europe
1215,1215,Yaroslavl,Russian Federation,57.626072,39.884464,1950,328000,/01/01,01/01/1950, 00:00:00,01/01/1950 00:00,0.014255512,Europe
1213,1213,Allahabad,India,25.44894,81.83328,1950,328000,/01/01,01/01/1950, 00:00:00,01/01/1950 00:00,0.014255512,Asia
1214,1214,Daegu,Republic of Korea,35.871435,128.601445,1950,328000,/01/01,01/01/1950, 00:00:00,01/01/1950 00:00,0.014255512,Asia
1222,1222,Addis Ababa,Ethiopia,9.02497,38.74689,1950,325000,/01/01,01/01/1950, 00:00:00,01/01/1950 00:00,0.014125077,Africa
1223,1223,Semarang,Indonesia,-6.9932,110.4203,1950,325000,/01/01,01/01/1950, 00:00:00,01/01/1950 00:00,0.014125077,Asia
1224,1224,Zagreb,Croatia,45.81444,15.97798,1950,325000,/01/01,01/01/1950, 00:00:00,01/01/1950 00:00,0.014125077,Europe
1227,1227,Auckland,New Zealand,-36.86667,174.76667,1950,323000,/01/01,01/01/1950, 00:00:00,01/01/1950 00:00,0.01403812,Oceania
1231,1231,La Paz,Bolivia,-16.5,-68.15,1950,321000,/01/01,01/01/1950, 00:00:00,01/01/1950 00:00,0.013951163,Americas
1232,1232,Tel Aviv,Israel,32.08088,34.78057,1950,321000,/01/01,01/01/1950, 00:00:00,01/01/1950 00:00,0.013951163,Asia
1239,1239,Amritsar,India,31.63661,74.87476,1950,320000,/01/01,01/01/1950, 00:00:00,01/01/1950 00:00,0.013907683999999998,Asia
1240,1240,Bilbao,Spain,43.26271,-2.92528,1950,320000,/01/01,01/01/1950, 00:00:00,01/01/1950 00:00,0.013907683999999998,Europe
1241,1241,Lanzhou,China,36.061089,103.834304,1950,320000,/01/01,01/01/1950, 00:00:00,01/01/1950 00:00,0.013907683999999998,Asia
1244,1244,Yerevan,Armenia,40.183333,44.516667,1950,315000,/01/01,01/01/1950, 00:00:00,01/01/1950 00:00,0.013690292,Asia
1246,1246,Fort Worth,United States of America,32.72541,-97.32085,1950,314000,/01/01,01/01/1950, 00:00:00,01/01/1950 00:00,0.013646813,Americas
1247,1247,Sapporo,Japan,43.06417,141.34694,1950,313000,/01/01,01/01/1950, 00:00:00,01/01/1950 00:00,0.013603335,Asia
1254,1254,Omaha,United States of America,41.252363,-95.997988,1950,308000,/01/01,01/01/1950, 00:00:00,01/01/1950 00:00,0.013385942,Americas
1257,1257,Brighton,United Kingdom,50.822531,-0.137164,1950,305000,/01/01,01/01/1950, 00:00:00,01/01/1950 00:00,0.013255507,Europe
1259,1259,Cardiff,Wales,51.481581,-3.17909,1950,304000,/01/01,01/01/1950, 00:00:00,01/01/1950 00:00,0.013212028,Europe
1260,1260,Indore,India,22.71792,75.8333,1950,304000,/01/01,01/01/1950, 00:00:00,01/01/1950 00:00,0.013212028,Asia
1261,1261,Tula,Russian Federation,54.107722,37.573261,1950,304000,/01/01,01/01/1950, 00:00:00,01/01/1950 00:00,0.013212028,Europe
1266,1266,Middlesbrough,United Kingdom,54.57623,-1.23483,1950,302000,/01/01,01/01/1950, 00:00:00,01/01/1950 00:00,0.013125071,Europe
1267,1267,Perth,Australia,-31.95224,115.8614,1950,302000,/01/01,01/01/1950, 00:00:00,01/01/1950 00:00,0.013125071,Oceania
1292,1292,Lvov,Poland,49.839683,24.029717,1950,300000,/01/01,01/01/1950, 00:00:00,01/01/1950 00:00,0.013038113999999998,Europe
1293,1293,Minsk,Belarus,53.9,27.56667,1950,300000,/01/01,01/01/1950, 00:00:00,01/01/1950 00:00,0.013038113999999998,Asia
1294,1294,Taiyuan,China,37.87059,112.548879,1950,300000,/01/01,01/01/1950, 00:00:00,01/01/1950 00:00,0.013038113999999998,Asia
1296,1296,Catania,Italy,37.50213,15.08719,1950,299000,/01/01,01/01/1950, 00:00:00,01/01/1950 00:00,0.012994636,Europe
1297,1297,Hull,United Kingdom,53.7446,-0.33525,1950,299000,/01/01,01/01/1950, 00:00:00,01/01/1950 00:00,0.012994636,Europe
1299,1299,Valparaiso,Chile,-33.05,-71.6167,1950,298000,/01/01,01/01/1950, 00:00:00,01/01/1950 00:00,0.012951157,Americas
1305,1305,La Plata,Argentina,-34.92145,-57.95453,1950,295000,/01/01,01/01/1950, 00:00:00,01/01/1950 00:00,0.012820722,Americas
1312,1312,Winnipeg,Canada,49.8844,-97.14704,1950,292000,/01/01,01/01/1950, 00:00:00,01/01/1950 00:00,0.012690286,Americas
1313,1313,Youngstown,United States of America,41.1,-80.65,1950,292000,/01/01,01/01/1950, 00:00:00,01/01/1950 00:00,0.012690286,Americas
1315,1315,Albany,United States of America,42.652578,-73.756233,1950,291000,/01/01,01/01/1950, 00:00:00,01/01/1950 00:00,0.012646808,Americas
1316,1316,Portsmouth,United Kingdom,50.816661,-1.083383,1950,291000,/01/01,01/01/1950, 00:00:00,01/01/1950 00:00,0.012646808,Europe
1319,1319,Makassar,Indonesia,-5.14,119.4221,1950,290000,/01/01,01/01/1950, 00:00:00,01/01/1950 00:00,0.012603329,Asia
1324,1324,Irkutsk,Russian Federation,52.29778,104.29639,1950,288000,/01/01,01/01/1950, 00:00:00,01/01/1950 00:00,0.012516372,Europe
1325,1325,Ankara,Turkey,39.91987,32.85427,1950,286000,/01/01,01/01/1950, 00:00:00,01/01/1950 00:00,0.012429415,Asia
1326,1326,Jaipur,India,26.91962,75.78781,1950,286000,/01/01,01/01/1950, 00:00:00,01/01/1950 00:00,0.012429415,Asia
1328,1328,Leicester,United Kingdom,52.6386,-1.13169,1950,285000,/01/01,01/01/1950, 00:00:00,01/01/1950 00:00,0.012385937,Europe
1331,1331,Guatemala City,Guatemala,14.64072,-90.51327,1950,284000,/01/01,01/01/1950, 00:00:00,01/01/1950 00:00,0.012342458,Americas
1343,1343,Almaty,Kazakhstan,43.2775,76.895833,1950,280000,/01/01,01/01/1950, 00:00:00,01/01/1950 00:00,0.012168544,Asia
1344,1344,Barranquilla,Colombia,10.96854,-74.78132,1950,280000,/01/01,01/01/1950, 00:00:00,01/01/1950 00:00,0.012168544,Americas
1345,1345,Kaifeng,China,34.7986,114.30742,1950,280000,/01/01,01/01/1950, 00:00:00,01/01/1950 00:00,0.012168544,Asia
1346,1346,Pretoria,South Africa,-25.74486,28.18783,1950,280000,/01/01,01/01/1950, 00:00:00,01/01/1950 00:00,0.012168544,Africa
1348,1348,Wroclaw,Germany,51.116667,17.033333,1950,279000,/01/01,01/01/1950, 00:00:00,01/01/1950 00:00,0.012125066,Europe
1350,1350,Incheon,Republic of Korea,37.456256,126.705206,1950,278000,/01/01,01/01/1950, 00:00:00,01/01/1950 00:00,0.012081587,Asia
1352,1352,Kure,Japan,34.23333,132.56667,1950,276000,/01/01,01/01/1950, 00:00:00,01/01/1950 00:00,0.01199463,Asia
1358,1358,Ivanovo,Russian Federation,56.9967,40.9819,1950,275000,/01/01,01/01/1950, 00:00:00,01/01/1950 00:00,0.011951152,0
1359,1359,Krasnoyarsk,Russian Federation,56.01839,92.86717,1950,275000,/01/01,01/01/1950, 00:00:00,01/01/1950 00:00,0.011951152,0
1364,1364,Tabriz,Iran,38.08,46.2919,1950,274000,/01/01,01/01/1950, 00:00:00,01/01/1950 00:00,0.011907673,Asia
1365,1365,Utrecht,Netherlands,52.09083,5.12222,1950,274000,/01/01,01/01/1950, 00:00:00,01/01/1950 00:00,0.011907673,Europe
1367,1367,Wuxi,China,31.49117,120.31191,1950,273000,/01/01,01/01/1950, 00:00:00,01/01/1950 00:00,0.011864195,Asia
1370,1370,Brunn,Austria,49.2,16.6167,1950,272000,/01/01,01/01/1950, 00:00:00,01/01/1950 00:00,0.011820716,Europe
1372,1372,Bari,Italy,41.117142,16.871872,1950,271000,/01/01,01/01/1950, 00:00:00,01/01/1950 00:00,0.011777238,Europe
1373,1373,Dandong,China,40.1167,124.3833,1950,271000,/01/01,01/01/1950, 00:00:00,01/01/1950 00:00,0.011777238,Asia
1384,1384,Oran,Algeria,35.69111,-0.64167,1950,270000,/01/01,01/01/1950, 00:00:00,01/01/1950 00:00,0.011733759,Africa
1387,1387,Trieste,Italy,45.633333,13.8,1950,270000,/01/01,01/01/1950, 00:00:00,01/01/1950 00:00,0.011733759,Europe
1386,1386,Santa Fe,Argentina,-31.610658,-60.697294,1950,270000,/01/01,01/01/1950, 00:00:00,01/01/1950 00:00,0.011733759,Americas
1385,1385,Phnom Penh,Cambodia,11.56245,104.91601,1950,270000,/01/01,01/01/1950, 00:00:00,01/01/1950 00:00,0.011733759,Asia
1379,1379,Astrakhan,Russian Federation,46.366681,48.083239,1950,270000,/01/01,01/01/1950, 00:00:00,01/01/1950 00:00,0.011733759,Europe
1383,1383,Medan,Indonesia,3.5833,98.6667,1950,270000,/01/01,01/01/1950, 00:00:00,01/01/1950 00:00,0.011733759,Asia
1382,1382,Karaganda,Kazakhstan,49.833333,73.166667,1950,270000,/01/01,01/01/1950, 00:00:00,01/01/1950 00:00,0.011733759,Asia
1381,1381,Horlivka,Ukraine,48.3071,38.029633,1950,270000,/01/01,01/01/1950, 00:00:00,01/01/1950 00:00,0.011733759,Europe
1380,1380,Hartford,United States of America,41.7627,-72.6743,1950,270000,/01/01,01/01/1950, 00:00:00,01/01/1950 00:00,0.011733759,Americas
1394,1394,Kumamoto,Japan,32.78983,130.741574,1950,267000,/01/01,01/01/1950, 00:00:00,01/01/1950 00:00,0.011603324,Asia
1398,1398,Nanchang,China,28.68333,115.88333,1950,266000,/01/01,01/01/1950, 00:00:00,01/01/1950 00:00,0.011559845,Asia
1404,1404,Medellin,Colombia,6.25184,-75.56359,1950,264000,/01/01,01/01/1950, 00:00:00,01/01/1950 00:00,0.011472888,Americas
1405,1405,Oaklahoma City,United States of America,35.46756,-97.516428,1950,264000,/01/01,01/01/1950, 00:00:00,01/01/1950 00:00,0.011472888,Americas
1406,1406,Syracuse,United States of America,43.048122,-76.147424,1950,264000,/01/01,01/01/1950, 00:00:00,01/01/1950 00:00,0.011472888,Americas
1407,1407,Zaragoza,Spain,41.648792,-0.889581,1950,264000,/01/01,01/01/1950, 00:00:00,01/01/1950 00:00,0.011472888,Europe
1416,1416,Solapur,India,17.659919,75.906391,1950,261000,/01/01,01/01/1950, 00:00:00,01/01/1950 00:00,0.011342453,Asia
1415,1415,Kaohsiung,Taiwan,22.61626,120.31333,1950,261000,/01/01,01/01/1950, 00:00:00,01/01/1950 00:00,0.011342453,Asia
1424,1424,Hanoi,Vietnam,21.033333,105.85,1950,260000,/01/01,01/01/1950, 00:00:00,01/01/1950 00:00,0.011298974,Asia
1425,1425,Krivoi Rog,Ukraine,47.910483,33.391783,1950,260000,/01/01,01/01/1950, 00:00:00,01/01/1950 00:00,0.011298974,Europe
1428,1428,El Paso,United States of America,31.7903,-106.4233,1950,259000,/01/01,01/01/1950, 00:00:00,01/01/1950 00:00,0.011255496,Americas
1430,1430,Guayaquil,Ecuador,-2.18194,-79.89167,1950,258000,/01/01,01/01/1950, 00:00:00,01/01/1950 00:00,0.011212017,Africa
1431,1431,Hiroshima,Japan,34.396775,132.460017,1950,258000,/01/01,01/01/1950, 00:00:00,01/01/1950 00:00,0.011212017,Asia
1432,1432,Ottawa,Canada,45.41117,-75.69812,1950,258000,/01/01,01/01/1950, 00:00:00,01/01/1950 00:00,0.011212017,Americas
1433,1433,Swatow,China,23.353299,116.681838,1950,258000,/01/01,01/01/1950, 00:00:00,01/01/1950 00:00,0.011212017,Asia
1440,1440,Richmond,United States of America,37.5333,77.4667,1950,257000,/01/01,01/01/1950, 00:00:00,01/01/1950 00:00,0.011168539,Americas
1442,1442,Cali,Colombia,3.43722,-76.5225,1950,256000,/01/01,01/01/1950, 00:00:00,01/01/1950 00:00,0.01112506,Americas
1449,1449,Vilnius,Lithuania,54.683333,25.283333,1950,255000,/01/01,01/01/1950, 00:00:00,01/01/1950 00:00,0.011081582,Europe
1448,1448,Palembang,Indonesia,-2.91673,104.7458,1950,255000,/01/01,01/01/1950, 00:00:00,01/01/1950 00:00,0.011081582,Asia
1447,1447,Khabarovsk,Russian Federation,48.48272,135.08379,1950,255000,/01/01,01/01/1950, 00:00:00,01/01/1950 00:00,0.011081582,Europe
1452,1452,Kiel,Germany,54.32133,10.13489,1950,254000,/01/01,01/01/1950, 00:00:00,01/01/1950 00:00,0.011038103,Europe
1451,1451,Belem,Brazil,-1.455833,-48.503889,1950,254000,/01/01,01/01/1950, 00:00:00,01/01/1950 00:00,0.011038103,Americas
1456,1456,Arkhangelsk,Russian Federation,64.533333,40.533333,1950,252000,/01/01,01/01/1950, 00:00:00,01/01/1950 00:00,0.010951146,Europe
1457,1457,Chittagong,Bangladesh,22.3384,91.83168,1950,252000,/01/01,01/01/1950, 00:00:00,01/01/1950 00:00,0.010951146,Asia
1458,1458,Coventry,United Kingdom,52.40656,-1.51217,1950,252000,/01/01,01/01/1950, 00:00:00,01/01/1950 00:00,0.010951146,Europe
1459,1459,Kanazawa,Japan,36.561325,136.656206,1950,252000,/01/01,01/01/1950, 00:00:00,01/01/1950 00:00,0.010951146,Asia
1460,1460,Nashville,United States of America,36.166667,-86.783333,1950,252000,/01/01,01/01/1950, 00:00:00,01/01/1950 00:00,0.010951146,Americas
1462,1462,Tiruchirappalli,India,10.805,78.685556,1950,251000,/01/01,01/01/1950, 00:00:00,01/01/1950 00:00,0.010907668,Asia
1478,1478,Malang,Indonesia,-7.9797,112.6304,1950,250000,/01/01,01/01/1950, 00:00:00,01/01/1950 00:00,0.010864189,Asia
1481,1481,Honolulu,United States of America,21.30694,-157.85833,1950,248000,/01/01,01/01/1950, 00:00:00,01/01/1950 00:00,0.010777232,Americas
1482,1482,Lagos,Nigeria,6.524379,3.379206,1950,247000,/01/01,01/01/1950, 00:00:00,01/01/1950 00:00,0.010733754,Africa
1483,1483,Basel,Switzerland,47.5584,7.57327,1950,246000,/01/01,01/01/1950, 00:00:00,01/01/1950 00:00,0.010690275,Europe
1487,1487,Nizhniy Tagil,Russian Federation,57.916667,59.966667,1950,245000,/01/01,01/01/1950, 00:00:00,01/01/1950 00:00,0.010646797,Europe
1488,1488,Ufa,Russian Federation,54.78517,56.04562,1950,245000,/01/01,01/01/1950, 00:00:00,01/01/1950 00:00,0.010646797,Europe
1489,1489,Homs,Syria,34.72682,36.72339,1950,244000,/01/01,01/01/1950, 00:00:00,01/01/1950 00:00,0.010603318,Asia
1496,1496,Srinagar,India,34.08842,74.80298,1950,243000,/01/01,01/01/1950, 00:00:00,01/01/1950 00:00,0.01055984,Asia
1499,1499,Jacksonville,United States of America,30.3369,-81.6614,1950,242000,/01/01,01/01/1950, 00:00:00,01/01/1950 00:00,0.010516362,Americas
1502,1502,Nagasaki,Japan,32.752558,129.878192,1950,241000,/01/01,01/01/1950, 00:00:00,01/01/1950 00:00,0.010472883,Asia
1512,1512,Krasnodar,Russian Federation,45.006247,38.960626,1950,240000,/01/01,01/01/1950, 00:00:00,01/01/1950 00:00,0.010429405,Europe
1513,1513,Mysore,India,12.29791,76.63925,1950,240000,/01/01,01/01/1950, 00:00:00,01/01/1950 00:00,0.010429405,Asia
1514,1514,Vladivostok,Russian Federation,43.10562,131.87353,1950,240000,/01/01,01/01/1950, 00:00:00,01/01/1950 00:00,0.010429405,Europe
1515,1515,Yogyakarta,Indonesia,-7.797139,110.368833,1950,240000,/01/01,01/01/1950, 00:00:00,01/01/1950 00:00,0.010429405,Asia
1518,1518,Guiyang,China,26.647661,106.630154,1950,239000,/01/01,01/01/1950, 00:00:00,01/01/1950 00:00,0.010385926,Asia
1522,1522,Bournemouth,United Kingdom,50.72048,-1.8795,1950,238000,/01/01,01/01/1950, 00:00:00,01/01/1950 00:00,0.010342448,Europe
1523,1523,Gwalior,India,26.22982,78.17337,1950,238000,/01/01,01/01/1950, 00:00:00,01/01/1950 00:00,0.010342448,Asia
1524,1524,Shizuoka,Japan,34.97712,138.383084,1950,238000,/01/01,01/01/1950, 00:00:00,01/01/1950 00:00,0.010342448,Asia
1528,1528,Lubeck,Germany,53.865886,10.687097,1950,237000,/01/01,01/01/1950, 00:00:00,01/01/1950 00:00,0.010298969,Europe
1527,1527,Bridgeport,United States of America,41.1864,-73.1956,1950,237000,/01/01,01/01/1950, 00:00:00,01/01/1950 00:00,0.010298969,Americas
1533,1533,Magdeburg,Germany,52.130808,11.628878,1950,236000,/01/01,01/01/1950, 00:00:00,01/01/1950 00:00,0.010255491,Europe
1534,1534,New Haven,United States of America,41.308274,-72.927884,1950,236000,/01/01,01/01/1950, 00:00:00,01/01/1950 00:00,0.010255491,Americas
1536,1536,Mansura,Pakistan,25.590258,68.776944,1950,235000,/01/01,01/01/1950, 00:00:00,01/01/1950 00:00,0.010212012,Asia
1537,1537,Maracaibo,Venezuela,10.63167,-71.64056,1950,235000,/01/01,01/01/1950, 00:00:00,01/01/1950 00:00,0.010212012,Americas
1538,1538,Mariupol,Ukraine,47.09514,37.54131,1950,235000,/01/01,01/01/1950, 00:00:00,01/01/1950 00:00,0.010212012,Europe
1539,1539,Toulouse,France,43.60426,1.44367,1950,235000,/01/01,01/01/1950, 00:00:00,01/01/1950 00:00,0.010212012,Europe
1542,1542,Fushun,China,41.85583,123.92333,1950,233000,/01/01,01/01/1950, 00:00:00,01/01/1950 00:00,0.010125055,Asia
1546,1546,Rawalpindi,Pakistan,33.6007,73.0679,1950,231000,/01/01,01/01/1950, 00:00:00,01/01/1950 00:00,0.010038098,Asia
1547,1547,Smyrna,Turkey,38.41273,27.13838,1950,231000,/01/01,01/01/1950, 00:00:00,01/01/1950 00:00,0.010038098,Asia
1557,1557,Magnitogorsk,Russian Federation,53.41861,59.04722,1950,230000,/01/01,01/01/1950, 00:00:00,01/01/1950 00:00,0.00999462,Europe
1558,1558,Strasbourg,France,48.58342,7.74296,1950,230000,/01/01,01/01/1950, 00:00:00,01/01/1950 00:00,0.00999462,Europe
1563,1563,Tainan City,China,22.983333,120.18333,1950,229000,/01/01,01/01/1950, 00:00:00,01/01/1950 00:00,0.009951141,Asia
1562,1562,Meerut,India,28.97155,77.71934,1950,229000,/01/01,01/01/1950, 00:00:00,01/01/1950 00:00,0.009951141,Asia
1561,1561,Kagoshima,Japan,31.5966,130.557183,1950,229000,/01/01,01/01/1950, 00:00:00,01/01/1950 00:00,0.009951141,Asia
1566,1566,Gent,Belgium,51.053469,3.730378,1950,228000,/01/01,01/01/1950, 00:00:00,01/01/1950 00:00,0.009907663,Europe
1567,1567,Hakodate,Japan,41.77583,140.73667,1950,228000,/01/01,01/01/1950, 00:00:00,01/01/1950 00:00,0.009907663,Asia
1568,1568,Plymouth,United Kingdom,50.375456,-4.14305,1950,228000,/01/01,01/01/1950, 00:00:00,01/01/1950 00:00,0.009907663,Europe
1574,1574,Nantong,China,31.980175,120.894339,1950,226000,/01/01,01/01/1950, 00:00:00,01/01/1950 00:00,0.009820706,Asia
1580,1580,Allentown,United States of America,40.17789,-74.58349,1950,225000,/01/01,01/01/1950, 00:00:00,01/01/1950 00:00,0.009777227,Americas
1581,1581,Izhevsk,Russian Federation,56.84976,53.20448,1950,225000,/01/01,01/01/1950, 00:00:00,01/01/1950 00:00,0.009777227,Europe
1582,1582,Nantes,France,47.21725,-1.55336,1950,225000,/01/01,01/01/1950, 00:00:00,01/01/1950 00:00,0.009777227,Europe
1583,1583,Penang Serai,Malaysia,5.263234,100.484623,1950,225000,/01/01,01/01/1950, 00:00:00,01/01/1950 00:00,0.009777227,Asia
1584,1584,Rouen,France,49.44313,1.09932,1950,225000,/01/01,01/01/1950, 00:00:00,01/01/1950 00:00,0.009777227,Europe
1585,1585,Tallinn,Estonia,59.436961,24.753575,1950,225000,/01/01,01/01/1950, 00:00:00,01/01/1950 00:00,0.009777227,Europe
1593,1593,Salt Lake City,United States of America,40.76078,-111.89105,1950,224000,/01/01,01/01/1950, 00:00:00,01/01/1950 00:00,0.009733749,Americas
1591,1591,Graz,Austria,47.06667,15.45,1950,224000,/01/01,01/01/1950, 00:00:00,01/01/1950 00:00,0.009733749,Europe
1592,1592,Marrakech,Morocco,31.63416,-7.99994,1950,224000,/01/01,01/01/1950, 00:00:00,01/01/1950 00:00,0.009733749,Africa
1595,1595,Sunderland,United Kingdom,54.90465,-1.38222,1950,223000,/01/01,01/01/1950, 00:00:00,01/01/1950 00:00,0.00969027,Europe
1594,1594,Braunschweig,Germany,52.268875,10.526769,1950,223000,/01/01,01/01/1950, 00:00:00,01/01/1950 00:00,0.00969027,Europe
1599,1599,Halle,Germany,51.4833,11.9667,1950,222000,/01/01,01/01/1950, 00:00:00,01/01/1950 00:00,0.009646792,Europe
1607,1607,Barnaul,Russian Federation,53.36056,83.76361,1950,220000,/01/01,01/01/1950, 00:00:00,01/01/1950 00:00,0.009559835,Europe
1608,1608,Grand Rapids,United States of America,42.96336,-85.66809,1950,220000,/01/01,01/01/1950, 00:00:00,01/01/1950 00:00,0.009559835,Americas
1609,1609,Nice,France,43.70313,7.26608,1950,220000,/01/01,01/01/1950, 00:00:00,01/01/1950 00:00,0.009559835,Europe
1610,1610,Niigata,Japan,37.902552,139.023095,1950,220000,/01/01,01/01/1950, 00:00:00,01/01/1950 00:00,0.009559835,Asia
1611,1611,Tver,Russian Federation,56.858722,35.917597,1950,220000,/01/01,01/01/1950, 00:00:00,01/01/1950 00:00,0.009559835,Europe
1613,1613,Malaga,Spain,36.721261,-4.421267,1950,218000,/01/01,01/01/1950, 00:00:00,01/01/1950 00:00,0.009472878,Europe
1614,1614,Surat,India,21.19594,72.83023,1950,218000,/01/01,01/01/1950, 00:00:00,01/01/1950 00:00,0.009472878,Asia
1616,1616,Rabat,Morocco,34.01325,-6.83255,1950,217000,/01/01,01/01/1950, 00:00:00,01/01/1950 00:00,0.009429399,Africa
1617,1617,Thessaloniki,Greece,40.63935,22.944606,1950,217000,/01/01,01/01/1950, 00:00:00,01/01/1950 00:00,0.009429399,Europe
1621,1621,Quebec,Canada,46.81228,-71.21454,1950,216000,/01/01,01/01/1950, 00:00:00,01/01/1950 00:00,0.009385921,Americas
1626,1626,Lugansk,Ukraine,48.57404,39.307827,1950,215000,/01/01,01/01/1950, 00:00:00,01/01/1950 00:00,0.009342442,Europe
1630,1630,Haarlem,Netherlands,52.38084,4.63683,1950,214000,/01/01,01/01/1950, 00:00:00,01/01/1950 00:00,0.009298964,Europe
1631,1631,Kabul,Afghanistan,34.52813,69.17233,1950,214000,/01/01,01/01/1950, 00:00:00,01/01/1950 00:00,0.009298964,Asia
1632,1632,Tucuman,Argentina,-26.808285,-65.21759,1950,214000,/01/01,01/01/1950, 00:00:00,01/01/1950 00:00,0.009298964,Americas
1639,1639,Worcester,United States of America,42.266667,-71.8,1950,213000,/01/01,01/01/1950, 00:00:00,01/01/1950 00:00,0.009255485,Americas
1646,1646,Augsberg,Germany,48.371444,10.898239,1950,212000,/01/01,01/01/1950, 00:00:00,01/01/1950 00:00,0.009212007,Europe
1647,1647,Himeji,Japan,34.81667,134.7,1950,212000,/01/01,01/01/1950, 00:00:00,01/01/1950 00:00,0.009212007,Asia
1648,1648,Jamshedpur,India,22.80278,86.18545,1950,212000,/01/01,01/01/1950, 00:00:00,01/01/1950 00:00,0.009212007,Asia
1651,1651,Gifu,Japan,35.423298,136.760654,1950,211000,/01/01,01/01/1950, 00:00:00,01/01/1950 00:00,0.009168528,Asia
1652,1652,Puebla,Mexico,19.0514,-98.2178,1950,211000,/01/01,01/01/1950, 00:00:00,01/01/1950 00:00,0.009168528,Americas
1664,1664,Phoenix,United States of America,33.44838,-112.074143,1950,210000,/01/01,01/01/1950, 00:00:00,01/01/1950 00:00,0.00912505,Americas
1665,1665,Southampton,United Kingdom,50.90395,-1.40428,1950,210000,/01/01,01/01/1950, 00:00:00,01/01/1950 00:00,0.00912505,Europe
1662,1662,Mashhad,Iran,36.3,59.6,1950,210000,/01/01,01/01/1950, 00:00:00,01/01/1950 00:00,0.00912505,Asia
1663,1663,Ningbo,China,29.866667,121.55,1950,210000,/01/01,01/01/1950, 00:00:00,01/01/1950 00:00,0.00912505,Asia
1661,1661,Khartoum,Sudan,15.55177,32.53241,1950,210000,/01/01,01/01/1950, 00:00:00,01/01/1950 00:00,0.00912505,Africa
1671,1671,Quito,Ecuador,-0.22985,-78.52495,1950,209000,/01/01,01/01/1950, 00:00:00,01/01/1950 00:00,0.009081571,Africa
1672,1672,Saarbrucken,Germany,49.2354,6.98165,1950,209000,/01/01,01/01/1950, 00:00:00,01/01/1950 00:00,0.009081571,Europe
1676,1676,Groznyj,Russian Federation,43.30191,45.67228,1950,208000,/01/01,01/01/1950, 00:00:00,01/01/1950 00:00,0.009038093,Europe
1677,1677,Orenburg,Russian Federation,51.7727,55.0988,1950,208000,/01/01,01/01/1950, 00:00:00,01/01/1950 00:00,0.009038093,Europe
1678,1678,Port Said,Egypt,31.25654,32.28412,1950,208000,/01/01,01/01/1950, 00:00:00,01/01/1950 00:00,0.009038093,Africa
1679,1679,Vadodara,India,22.30731,73.181098,1950,208000,/01/01,01/01/1950, 00:00:00,01/01/1950 00:00,0.009038093,Asia
1686,1686,Taichung,Taiwan,24.1469,120.6839,1950,207000,/01/01,01/01/1950, 00:00:00,01/01/1950 00:00,0.008994614,Asia
1689,1689,Murcia,Spain,37.98704,-1.13004,1950,206000,/01/01,01/01/1950, 00:00:00,01/01/1950 00:00,0.008951136,Europe
1690,1690,Sacramento,United States of America,38.581487,-121.494237,1950,206000,/01/01,01/01/1950, 00:00:00,01/01/1950 00:00,0.008951136,Americas
1698,1698,Prokopyevsk,Russian Federation,53.883137,86.715772,1950,205000,/01/01,01/01/1950, 00:00:00,01/01/1950 00:00,0.008907657,Europe
1699,1699,Tulsa,United States of America,36.15398,-95.99278,1950,205000,/01/01,01/01/1950, 00:00:00,01/01/1950 00:00,0.008907657,Americas
1697,1697,Fortaleza,Brazil,-3.71722,-38.54306,1950,205000,/01/01,01/01/1950, 00:00:00,01/01/1950 00:00,0.008907657,Americas
1696,1696,Asuncion,Paraguay,-25.30066,-57.63591,1950,205000,/01/01,01/01/1950, 00:00:00,01/01/1950 00:00,0.008907657,Americas
1703,1703,Esfahan,Iran,32.651389,51.679192,1950,204000,/01/01,01/01/1950, 00:00:00,01/01/1950 00:00,0.008864179,Asia
1704,1704,Wellington,New Zealand,-41.286452,174.776253,1950,204000,/01/01,01/01/1950, 00:00:00,01/01/1950 00:00,0.008864179,Oceania
1707,1707,Beirut,Lebanon,33.88894,35.49442,1950,203000,/01/01,01/01/1950, 00:00:00,01/01/1950 00:00,0.0088207,Asia
1708,1708,Bergisch Gladbach,Germany,51.2,7.116667,1950,203000,/01/01,01/01/1950, 00:00:00,01/01/1950 00:00,0.0088207,Europe
1709,1709,Penza,Russian Federation,53.20066,45.00464,1950,203000,/01/01,01/01/1950, 00:00:00,01/01/1950 00:00,0.0088207,Europe
1710,1710,Wuhu,China,31.33728,118.37351,1950,203000,/01/01,01/01/1950, 00:00:00,01/01/1950 00:00,0.0088207,Asia
1713,1713,Kemerovo,Russian Federation,55.33333,86.08333,1950,202000,/01/01,01/01/1950, 00:00:00,01/01/1950 00:00,0.008777222,Europe
1717,1717,Bonn,Germany,50.73438,7.09548,1950,201000,/01/01,01/01/1950, 00:00:00,01/01/1950 00:00,0.008733743,Europe
3093,3093,Herat,Afghanistan,34.34817,62.19967,1950,80000,/01/01,01/01/1950, 00:00:00,01/01/1950 00:00,0.003472845,Asia
